{
  "1": "Абакан",
  "2": "Азов",
  "3": "Александров",
  "4": "Алексин",
  "5": "Альметьевск",
  "6": "Анапа",
  "7": "Ангарск",
  "8": "Анжеро-Судженск",
  "9": "Дзержинск",
  "10": "Димитровград",
  "11": "Дмитров",
  "12": "Долгопрудный",
  "13": "Домодедово",
  "14": "Донской",
  "15": "Лесосибирск",
  "16": "Липецк",
  "17": "Лиски",
  "18": "Лобня",
  "19": "Лысьва",
  "20": "Лыткарино",
  "21": "Люберцы",
  "22": "Магадан",
  "23": "Юрга",
  "24": "Якутск",
  "25": "Ялта",
  "26": "Ярославль"
}